side,entry_minute,entry_improve_cents,ttl_minutes,max_entry_spread_cents,attempts,fills,fill_rate,win_rate_given_fill,mean_entry_px_filled,mean_settle_pnl_cents_per_fill,mean_settle_pnl_cents_per_attempt,ev_cents_per_hour_per_contract
YES,0,0,3,40,54,25,0.46296296296296297,0.56,48.88,7.12,3.2962962962962963,13.185185185185185
YES,0,1,3,40,54,25,0.46296296296296297,0.56,49.36,6.64,3.074074074074074,12.296296296296296
YES,0,2,2,40,54,25,0.46296296296296297,0.56,49.88,6.12,2.8333333333333335,11.333333333333334
YES,0,0,2,40,54,24,0.4444444444444444,0.5416666666666666,47.916666666666664,6.25,2.7777777777777777,11.11111111111111
YES,0,1,2,40,54,24,0.4444444444444444,0.5416666666666666,48.375,5.791666666666667,2.574074074074074,10.296296296296296
YES,0,0,1,40,54,20,0.37037037037037035,0.5,44.5,5.5,2.037037037037037,8.148148148148149
YES,0,2,3,40,54,26,0.48148148148148145,0.5384615384615384,50.38461538461539,3.4615384615384617,1.6666666666666667,6.666666666666667
YES,0,1,1,40,54,21,0.3888888888888889,0.47619047619047616,45.714285714285715,1.9047619047619047,0.7407407407407407,2.962962962962963
YES,0,2,1,40,54,21,0.3888888888888889,0.47619047619047616,46.142857142857146,1.4761904761904763,0.5740740740740741,2.2962962962962963
YES,14,0,1,40,3320,1477,0.44487951807228915,0.10223425863236289,13.163845633039946,-2.9404197698036563,-1.308132530120482,-5.232530120481928
YES,14,0,2,40,3320,1477,0.44487951807228915,0.10223425863236289,13.163845633039946,-2.9404197698036563,-1.308132530120482,-5.232530120481928
YES,14,0,3,40,3320,1477,0.44487951807228915,0.10223425863236289,13.163845633039946,-2.9404197698036563,-1.308132530120482,-5.232530120481928
NO,14,0,1,40,3320,1496,0.4506024096385542,0.11096256684491979,14.014705882352942,-2.9184491978609626,-1.3150602409638554,-5.260240963855422
NO,14,0,2,40,3320,1496,0.4506024096385542,0.11096256684491979,14.014705882352942,-2.9184491978609626,-1.3150602409638554,-5.260240963855422
NO,14,0,3,40,3320,1496,0.4506024096385542,0.11096256684491979,14.014705882352942,-2.9184491978609626,-1.3150602409638554,-5.260240963855422
YES,14,1,1,40,3320,1518,0.4572289156626506,0.11923583662714098,14.932806324110672,-3.0092226613965742,-1.3759036144578314,-5.5036144578313255
YES,14,1,2,40,3320,1518,0.4572289156626506,0.11923583662714098,14.932806324110672,-3.0092226613965742,-1.3759036144578314,-5.5036144578313255
YES,14,1,3,40,3320,1518,0.4572289156626506,0.11923583662714098,14.932806324110672,-3.0092226613965742,-1.3759036144578314,-5.5036144578313255
YES,8,2,1,40,3726,2205,0.5917874396135265,0.4376417233560091,46.17324263038549,-2.4090702947845806,-1.4256575415995705,-5.702630166398282
NO,14,1,1,40,3320,1541,0.4641566265060241,0.12524334847501623,15.608695652173912,-3.084360804672291,-1.4316265060240965,-5.726506024096386
NO,14,1,2,40,3320,1541,0.4641566265060241,0.12524334847501623,15.608695652173912,-3.084360804672291,-1.4316265060240965,-5.726506024096386
NO,14,1,3,40,3320,1541,0.4641566265060241,0.12524334847501623,15.608695652173912,-3.084360804672291,-1.4316265060240965,-5.726506024096386
YES,2,0,1,40,3722,2001,0.5376141859215475,0.44677661169415295,47.39530234882559,-2.717641179410295,-1.4610424502955401,-5.844169801182161
YES,4,1,1,40,3731,2148,0.5757169659608684,0.44972067039106145,47.5572625698324,-2.585195530726257,-1.4883409273653176,-5.953363709461271
YES,14,2,1,40,3320,1543,0.4647590361445783,0.12637718729747247,15.843810758263123,-3.206092028515878,-1.4900602409638555,-5.960240963855422
YES,14,2,2,40,3320,1543,0.4647590361445783,0.12637718729747247,15.843810758263123,-3.206092028515878,-1.4900602409638555,-5.960240963855422
YES,14,2,3,40,3320,1543,0.4647590361445783,0.12637718729747247,15.843810758263123,-3.206092028515878,-1.4900602409638555,-5.960240963855422
YES,4,0,1,40,3731,1917,0.5138032699008309,0.43766301512780387,46.731872717788214,-2.9655712050078247,-1.5237201822567676,-6.094880729027071
NO,14,2,1,40,3320,1584,0.4771084337349398,0.13383838383838384,16.578914141414142,-3.195075757575758,-1.5243975903614457,-6.097590361445783
NO,14,2,2,40,3320,1584,0.4771084337349398,0.13383838383838384,16.578914141414142,-3.195075757575758,-1.5243975903614457,-6.097590361445783
NO,14,2,3,40,3320,1584,0.4771084337349398,0.13383838383838384,16.578914141414142,-3.195075757575758,-1.5243975903614457,-6.097590361445783
YES,4,2,1,40,3731,2300,0.6164567140176896,0.45695652173913043,48.192608695652176,-2.4969565217391305,-1.5392656124363442,-6.157062449745377
NO,8,0,1,40,3726,1917,0.5144927536231884,0.4126238914971309,44.30046948356807,-3.0380803338549818,-1.5630703166935052,-6.252281266774021
YES,8,1,1,40,3726,2053,0.5509930220075148,0.42669264490988795,45.51680467608378,-2.847540185094983,-1.5689747718733227,-6.275899087493291
NO,12,1,1,40,3688,1958,0.5309110629067245,0.3232890704800817,35.293156281920325,-2.964249233912155,-1.5737527114967462,-6.295010845986985
NO,12,0,1,40,3688,1777,0.48183297180043383,0.3005064715813168,33.427687113111986,-3.377039954980304,-1.627169197396963,-6.508676789587852
YES,8,0,1,40,3726,1798,0.4825550187869028,0.407119021134594,44.196885428253616,-3.4849833147942157,-1.6816961889425657,-6.726784755770263
NO,0,0,2,40,54,18,0.3333333333333333,0.5555555555555556,60.666666666666664,-5.111111111111111,-1.7037037037037037,-6.814814814814815
NO,13,1,1,40,3629,1767,0.4869109947643979,0.24731182795698925,28.260328239954724,-3.529145444255801,-1.718379718930835,-6.87351887572334
YES,2,1,1,40,3722,2209,0.593498119290704,0.450882752376641,48.02127659574468,-2.9330013580805794,-1.7407307898979043,-6.962923159591617
YES,9,0,1,40,3729,1826,0.4896755162241888,0.4008762322015334,43.65279299014239,-3.565169769989047,-1.745776347546259,-6.983105390185036
YES,2,2,1,40,3722,2379,0.6391724879097259,0.4573350147120639,48.46490121899958,-2.7313997477931906,-1.7458355722729715,-6.983342289091886
NO,12,2,1,40,3688,2050,0.5558568329718004,0.3307317073170732,36.222926829268296,-3.1497560975609757,-1.7508134490238612,-7.003253796095445
NO,9,2,1,40,3729,2232,0.5985518905872889,0.40770609318996415,43.69578853046595,-2.925179211469534,-1.7508715473317242,-7.003486189326897
NO,9,1,1,40,3729,2097,0.5623491552695092,0.3972341440152599,42.85216976633286,-3.128755364806867,-1.759452936444087,-7.037811745776348
YES,7,0,1,40,3727,1924,0.5162328950898847,0.4230769230769231,45.73804573804574,-3.4303534303534304,-1.7708612825328682,-7.083445130131473
YES,10,0,1,40,3724,1884,0.505907626208378,0.3895966029723992,42.475053078556265,-3.5153927813163484,-1.7784640171858217,-7.113856068743287
NO,13,0,1,40,3629,1665,0.4588040782584734,0.22042042042042043,25.96996996996997,-3.9279279279279278,-1.8021493524386882,-7.208597409754753
NO,10,0,1,40,3724,1903,0.5110096670247046,0.37729900157645824,41.26904887020494,-3.539148712559117,-1.8085392051557465,-7.234156820622986
NO,0,1,2,40,54,18,0.3333333333333333,0.5555555555555556,61.0,-5.444444444444445,-1.8148148148148149,-7.2592592592592595
YES,10,1,1,40,3724,2122,0.5698174006444683,0.40669180018850143,43.92459943449576,-3.2554194156456173,-1.8549946294307196,-7.419978517722878
NO,13,2,1,40,3629,1830,0.5042711490768806,0.25245901639344265,28.934972677595628,-3.6890710382513663,-1.8602920914852576,-7.441168365941031
NO,9,0,1,40,3729,1834,0.49182086350227944,0.38004362050163576,41.79770992366412,-3.7933478735005455,-1.8656476267095736,-7.4625905068382945
NO,8,1,1,40,3726,2159,0.5794417606011809,0.41824918943955536,45.112552107457155,-3.287633163501621,-1.9049919484702094,-7.6199677938808374
NO,10,1,1,40,3724,2150,0.5773361976369495,0.3911627906976744,42.446976744186045,-3.3306976744186048,-1.9229323308270676,-7.69172932330827
YES,7,2,1,40,3727,2309,0.6195331365709686,0.4382849718492854,46.938934603724555,-3.1104374187960158,-1.9270190501744031,-7.7080762006976125
NO,0,2,2,40,54,18,0.3333333333333333,0.5555555555555556,61.388888888888886,-5.833333333333333,-1.9444444444444444,-7.777777777777778
YES,7,1,1,40,3727,2150,0.5768714784008586,0.4316279069767442,46.55674418604651,-3.393953488372093,-1.9578749664609605,-7.831499865843842
YES,1,0,1,40,3681,1916,0.5205107307796795,0.4373695198329854,47.50156576200418,-3.7646137787056366,-1.9595218690573213,-7.838087476229285
YES,3,0,1,40,3731,1989,0.5331010452961672,0.4348919054801408,47.168426344896936,-3.6792357968828555,-1.9614044492093272,-7.845617796837309
YES,10,2,1,40,3724,2241,0.6017722878625135,0.4100847835787595,44.33244087460955,-3.323962516733601,-2.000268528464017,-8.001074113856069
YES,5,0,1,40,3734,1974,0.5286555972147831,0.4316109422492401,46.97315096251266,-3.8120567375886525,-2.015265131226567,-8.061060524906267
YES,3,1,2,40,3731,2558,0.6856070758509782,0.4519155590304926,48.170054730258016,-2.9784988272087567,-2.042079871348164,-8.168319485392656
NO,10,2,1,40,3724,2258,0.6063372717508055,0.3981399468556244,43.198848538529674,-3.3848538529672276,-2.0523630504833514,-8.209452201933406
YES,3,0,2,40,3731,2373,0.6360225140712945,0.44121365360303416,47.35061104087653,-3.229245680573114,-2.053872956311981,-8.215491825247923
YES,3,2,2,40,3731,2666,0.7145537389439829,0.45911477869467365,48.82070517629408,-2.9092273068267067,-2.078799249530957,-8.315196998123827
YES,5,1,1,40,3734,2208,0.5913229780396357,0.44067028985507245,47.59646739130435,-3.5294384057971016,-2.0870380289234065,-8.348152115693626
NO,8,2,1,40,3726,2288,0.6140633387010198,0.4222027972027972,45.66520979020979,-3.44493006993007,-2.1154052603327966,-8.461621041331187
YES,1,1,1,40,3681,2119,0.5756587883727248,0.44549315714959886,48.2420953279849,-3.692779613025012,-2.125781037761478,-8.503124151045911
YES,3,1,1,40,3731,2222,0.5955507906727419,0.44284428442844287,47.857785778577856,-3.5733573357335735,-2.128115786652372,-8.512463146609488
YES,4,0,2,40,3731,2354,0.6309300455641919,0.43457943925233644,46.840271877655056,-3.3823279524214103,-2.1340123291342805,-8.536049316537122
NO,12,1,2,40,3688,2230,0.6046637744034707,0.31434977578475337,34.96457399103139,-3.529596412556054,-2.134219088937093,-8.536876355748372
NO,12,0,2,40,3688,2082,0.5645336225596529,0.2896253602305475,32.76945244956772,-3.8069164265129682,-2.1491323210412148,-8.596529284164859
YES,1,2,1,40,3681,2258,0.6134202662320022,0.4534986713906112,48.85828166519043,-3.508414526129318,-2.15213257267047,-8.60853029068188
YES,3,2,1,40,3731,2359,0.6322701688555347,0.45103857566765576,48.53751589656634,-3.433658329800763,-2.170999731975342,-8.683998927901367
YES,4,1,2,40,3731,2534,0.6791744840525328,0.44396211523283347,47.59313338595106,-3.196921862667719,-2.1712677566336103,-8.685071026534441
YES,7,0,2,40,3727,2299,0.6168500134156157,0.4158329708568943,45.109612875163116,-3.526315789473684,-2.17520794204454,-8.70083176817816
YES,8,2,2,40,3726,2525,0.6776704240472357,0.42495049504950494,45.714059405940596,-3.219009900990099,-2.1814278046162103,-8.725711218464841
NO,11,2,1,40,3716,2177,0.5858449946178687,0.377124483233808,41.44235186035829,-3.729903536977492,-2.1851453175457483,-8.740581270182993
YES,12,0,1,40,3688,1743,0.47261388286334055,0.2868617326448652,33.31669535283993,-4.6305220883534135,-2.1884490238611716,-8.753796095444686
YES,4,2,2,40,3731,2651,0.7105333690699545,0.45152772538664654,48.235760090531876,-3.08298755186722,-2.1905655320289465,-8.762262128115786
YES,6,1,1,40,3728,2170,0.5820815450643777,0.43410138248847924,47.178341013824884,-3.7682027649769587,-2.193401287553648,-8.773605150214593
YES,9,1,1,40,3729,2053,0.5505497452400108,0.40136385776911837,44.14661471018022,-4.010228933268388,-2.207830517565031,-8.831322070260123
NO,13,1,2,40,3629,1986,0.5472581978506476,0.24370594159113795,28.431520644511583,-4.0609264853977844,-2.2223753100027555,-8.889501240011022
NO,13,1,3,40,3629,1986,0.5472581978506476,0.24370594159113795,28.431520644511583,-4.0609264853977844,-2.2223753100027555,-8.889501240011022
YES,9,0,2,40,3729,2260,0.6060606060606061,0.39557522123893807,43.24026548672566,-3.682743362831858,-2.2319656744435505,-8.927862697774202
YES,12,1,1,40,3688,1932,0.5238611713665944,0.30952380952380953,35.215320910973084,-4.262939958592132,-2.2331887201735356,-8.932754880694143
YES,2,2,2,40,3722,2688,0.722192369693713,0.45349702380952384,48.44345238095238,-3.09375,-2.234282643739925,-8.9371305749597
YES,6,0,1,40,3728,1930,0.5177038626609443,0.4243523316062176,46.7678756476684,-4.332642487046632,-2.2430257510729614,-8.972103004291846
YES,5,2,1,40,3734,2350,0.6293519014461704,0.44553191489361704,48.12340425531915,-3.570212765957447,-2.24692019282271,-8.98768077129084
NO,11,1,1,40,3716,2074,0.5581270182992465,0.3674059787849566,40.78351012536162,-4.042912246865959,-2.256458557588805,-9.02583423035522
NO,12,2,2,40,3688,2306,0.6252711496746204,0.3217692974848222,35.81006071118821,-3.6331309627059842,-2.2716919739696313,-9.086767895878525
NO,13,0,2,40,3629,1902,0.5241113254340038,0.2181913774973712,26.164563617245005,-4.3454258675078865,-2.277486910994764,-9.109947643979057
NO,13,0,3,40,3629,1902,0.5241113254340038,0.2181913774973712,26.164563617245005,-4.3454258675078865,-2.277486910994764,-9.109947643979057
YES,12,2,1,40,3688,2032,0.5509761388286334,0.32234251968503935,36.37057086614173,-4.136318897637795,-2.2790130151843817,-9.116052060737527
NO,5,1,1,40,3734,2259,0.6049812533476165,0.43691899070385126,47.46082337317397,-3.768924302788845,-2.280128548473487,-9.120514193893948
YES,8,1,2,40,3726,2401,0.6443907675791734,0.4148271553519367,45.029154518950435,-3.546438983756768,-2.2852925389157273,-9.141170155662909
YES,6,2,1,40,3728,2306,0.6185622317596566,0.4388551604509974,47.639202081526456,-3.753686036426713,-2.3218884120171674,-9.28755364806867
NO,13,2,2,40,3629,2035,0.5607605400936897,0.24914004914004914,29.064864864864866,-4.150859950859951,-2.3276384678974926,-9.31055387158997
NO,13,2,3,40,3629,2035,0.5607605400936897,0.24914004914004914,29.064864864864866,-4.150859950859951,-2.3276384678974926,-9.31055387158997
YES,11,0,1,40,3716,1782,0.47954790096878364,0.3451178451178451,39.37149270482604,-4.859708193041526,-2.330462863293864,-9.321851453175457
NO,9,2,2,40,3729,2588,0.6940198444623223,0.40146831530139104,43.52241112828439,-3.375579598145286,-2.34271922767498,-9.37087691069992
YES,9,2,1,40,3729,2174,0.5829981228211317,0.40846366145354185,44.870285188592455,-4.02391904323827,-2.345937248592116,-9.383748994368464
YES,7,1,2,40,3727,2480,0.665414542527502,0.4266129032258065,46.19112903225806,-3.5298387096774193,-2.348806010195868,-9.395224040783472
YES,7,2,2,40,3727,2611,0.7005634558626241,0.4346993489084642,46.85024894676369,-3.3803140559172733,-2.368124496914408,-9.472497987657633
NO,3,0,1,40,3731,2004,0.5371214151701956,0.43213572854291415,47.624251497005986,-4.410678642714571,-2.3690699544358083,-9.476279817743233
NO,0,0,1,40,54,16,0.2962962962962963,0.5625,64.25,-8.0,-2.3703703703703702,-9.481481481481481
NO,11,0,1,40,3716,1832,0.4930032292787944,0.3471615720524017,39.532751091703055,-4.816593886462882,-2.3745963401506995,-9.498385360602798
NO,8,0,2,40,3726,2301,0.6175523349436393,0.39852238157322906,43.70882225119513,-3.8565840938722293,-2.3816425120772946,-9.526570048309178
NO,9,1,2,40,3729,2483,0.6658621614373826,0.3914619412001611,42.732581554571084,-3.586387434554974,-2.3880396889246445,-9.552158755698578
YES,2,2,3,40,3722,2847,0.7649113379903277,0.4541622760800843,48.54759395855286,-3.131366350544433,-2.395217624932832,-9.580870499731327
NO,9,0,2,40,3729,2270,0.6087422901582193,0.37533039647577093,41.48590308370044,-3.952863436123348,-2.406275140788415,-9.62510056315366
NO,12,1,3,40,3688,2339,0.6342190889370932,0.30910645575032064,34.71098760153912,-3.8003420265070544,-2.4102494577006506,-9.640997830802602
YES,2,1,2,40,3722,2560,0.6878022568511553,0.44453125,47.957421875,-3.504296875,-2.410263299301451,-9.641053197205803
NO,10,0,2,40,3724,2271,0.609828141783029,0.3712021136063408,41.07397622192867,-3.9537648612945837,-2.4111170784103115,-9.644468313641246
YES,11,2,1,40,3716,2129,0.5729278794402584,0.37059652418976047,41.27806481916393,-4.218412400187882,-2.4168460710441333,-9.667384284176533
YES,8,0,2,40,3726,2205,0.5917874396135265,0.3981859410430839,43.90294784580499,-4.0843537414965985,-2.4170692431561998,-9.668276972624799
YES,11,1,1,40,3716,2020,0.5435952637244349,0.36237623762376237,40.68762376237624,-4.45,-2.418998923573735,-9.67599569429494
NO,6,1,1,40,3728,2169,0.58181330472103,0.42784693407100044,46.95389580451821,-4.169202397418165,-2.4256974248927037,-9.702789699570815
YES,4,2,3,40,3731,2823,0.7566336102921469,0.4505844845908608,48.274884874247256,-3.216436415161176,-2.433663897078531,-9.734655588314125
NO,3,2,1,40,3731,2393,0.6413830072366657,0.44922691182615965,48.72085248641872,-3.798161303802758,-2.4360761190029483,-9.744304476011793
NO,3,1,1,40,3731,2241,0.6006432591798445,0.44176706827309237,48.26595269968764,-4.089245872378402,-2.4561779683730904,-9.824711873492362
NO,10,2,2,40,3724,2561,0.6877013963480129,0.3939867239359625,42.9703240921515,-3.571651698555252,-2.4562298603651986,-9.824919441460795
NO,10,1,2,40,3724,2467,0.6624597207303974,0.38508309687880016,42.22294284556141,-3.7146331576813942,-2.460794844253491,-9.843179377013964
NO,0,1,1,40,54,16,0.2962962962962963,0.5625,64.5625,-8.3125,-2.462962962962963,-9.851851851851851
NO,8,1,2,40,3726,2493,0.6690821256038647,0.41034897713598073,44.71801042920176,-3.6831127156036905,-2.4643048845947395,-9.857219538378958
NO,12,0,3,40,3688,2212,0.5997830802603037,0.2825497287522604,32.36392405063291,-4.1089511754068715,-2.464479392624729,-9.857917570498916
NO,5,2,1,40,3734,2395,0.6414033208355651,0.44175365344467643,48.021711899791235,-3.8463465553235907,-2.4670594536689876,-9.86823781467595
NO,4,0,1,40,3731,2002,0.5365853658536586,0.42507492507492506,47.11938061938062,-4.611888111888112,-2.474671669793621,-9.898686679174483
YES,13,1,1,40,3629,1739,0.47919537062551665,0.22254169062679702,27.419206440483038,-5.165037377803335,-2.475062000551116,-9.900248002204464
YES,3,2,3,40,3731,2830,0.7585097829000268,0.4565371024734982,48.92226148409894,-3.2685512367491167,-2.4792280889841867,-9.916912355936747
NO,6,0,1,40,3728,1930,0.5177038626609443,0.4155440414507772,46.344041450777205,-4.789637305699482,-2.4796137339055795,-9.918454935622318
NO,2,0,1,40,3722,2085,0.5601826974744761,0.437410071942446,48.17314148681055,-4.432134292565947,-2.482804943578721,-9.931219774314885
NO,12,2,3,40,3688,2402,0.6513015184381779,0.3180682764363031,35.631557035803496,-3.824729392173189,-2.4910520607375273,-9.964208242950109
YES,2,0,2,40,3722,2394,0.6432025792584632,0.4340016708437761,47.28404344193818,-3.883876357560568,-2.4981192907039227,-9.99247716281569
YES,13,0,1,40,3629,1643,0.45274180214935245,0.19598295800365187,25.12598904443092,-5.527693244065733,-2.5026178010471205,-10.010471204188482
NO,4,1,1,40,3731,2241,0.6006432591798445,0.4390896921017403,48.08701472556894,-4.178045515394913,-2.509514875368534,-10.038059501474136
YES,3,1,3,40,3731,2726,0.7306352184400965,0.4479090242112986,48.227072633895816,-3.4361702127659575,-2.5105869740016082,-10.042347896006433
NO,5,0,1,40,3734,2024,0.5420460632029994,0.424901185770751,47.12252964426877,-4.632411067193676,-2.5109801821103375,-10.04392072844135
YES,3,0,3,40,3731,2577,0.6906995443580809,0.43694218083042297,47.3395421032208,-3.645324020178502,-2.5178236397748592,-10.071294559099437
NO,0,2,1,40,54,16,0.2962962962962963,0.5625,64.875,-8.625,-2.5555555555555554,-10.222222222222221
YES,2,1,3,40,3722,2733,0.7342826437399248,0.44493230881814855,47.985729967069155,-3.492499085254299,-2.564481461579796,-10.257925846319184
YES,6,1,2,40,3728,2501,0.6708690987124464,0.4346261495401839,47.302279088364656,-3.8396641343462616,-2.575912017167382,-10.303648068669528
YES,9,1,2,40,3729,2423,0.6497720568517029,0.4032191498142798,44.30788278992984,-3.985967808501857,-2.589970501474926,-10.359882005899705
YES,8,2,3,40,3726,2707,0.7265163714439077,0.42076099002585887,45.64277798300702,-3.5666789804211305,-2.591250670960816,-10.365002683843263
YES,2,0,3,40,3722,2594,0.6969371305749597,0.43523515805705476,47.25250578257517,-3.7289899768696992,-2.5988715744223536,-10.395486297689414
YES,13,2,1,40,3629,1788,0.49269771286855885,0.22874720357941836,28.149888143176735,-5.275167785234899,-2.599063102783136,-10.396252411132544
YES,4,1,3,40,3731,2720,0.7290270704904851,0.44080882352941175,47.65294117647059,-3.572058823529412,-2.604127579737336,-10.416510318949344
NO,2,1,1,40,3722,2326,0.6249328318108544,0.4458297506448839,48.77472055030095,-4.191745485812554,-2.619559376679205,-10.47823750671682
NO,11,2,2,40,3716,2468,0.6641550053821313,0.3679092382495948,40.76823338735819,-3.9773095623987036,-2.6415500538213132,-10.566200215285253
NO,10,2,3,40,3724,2700,0.7250268528464017,0.3888888888888889,42.54481481481481,-3.655925925925926,-2.6506444683136414,-10.602577873254566
NO,10,0,3,40,3724,2465,0.6619226638023631,0.3630831643002028,40.31561866125761,-4.007302231237323,-2.6525241675617615,-10.610096670247046
NO,1,0,1,40,3681,1878,0.5101874490627547,0.4222577209797657,47.426517571884986,-5.200745473908413,-2.6533550665580004,-10.613420266232001
YES,9,2,2,40,3729,2529,0.6781979082864039,0.4108343218663503,45.01028074337683,-3.926848556741795,-2.6631804773397696,-10.652721909359078
NO,6,2,1,40,3728,2344,0.628755364806867,0.4304607508532423,47.282849829351534,-4.236774744027303,-2.663894849785408,-10.655579399141631
NO,9,2,3,40,3729,2756,0.7390721373022258,0.39985486211901305,43.5899854862119,-3.6044992743105952,-2.6639849825690534,-10.655939930276213
NO,10,1,3,40,3724,2627,0.7054242749731472,0.37913970308336503,41.70498667681766,-3.791016368481157,-2.6742749731471536,-10.697099892588614
YES,4,0,3,40,3731,2575,0.6901634950415438,0.429126213592233,46.79495145631068,-3.8823300970873786,-2.6794425087108014,-10.717770034843205
NO,11,1,2,40,3716,2384,0.6415500538213132,0.3578020134228188,39.96057046979866,-4.180369127516778,-2.6819160387513454,-10.727664155005382
YES,7,0,3,40,3727,2493,0.6689026026294607,0.4091456077015644,44.92699558764541,-4.012434817488969,-2.6839280922994364,-10.735712369197746
YES,8,1,3,40,3726,2610,0.7004830917874396,0.410727969348659,44.92490421455939,-3.8521072796934868,-2.698336017176597,-10.793344068706388
NO,9,1,3,40,3729,2665,0.7146688120139447,0.38911819887429644,42.69343339587242,-3.781613508442777,-2.702601233574685,-10.81040493429874
NO,8,2,2,40,3726,2603,0.6986044015029522,0.4145217057241644,45.34805993084902,-3.8958893584325778,-2.7216854535695116,-10.886741814278047
NO,8,0,3,40,3726,2516,0.6752549651100376,0.390302066772655,43.08028616852146,-4.0500794912559615,-2.7348362855609234,-10.939345142243694
NO,4,2,1,40,3731,2399,0.6429911551862771,0.4414339308045019,48.40433513964152,-4.26094205919133,-2.7397480568212274,-10.95899222728491
NO,1,1,1,40,3681,2058,0.5590872045639772,0.4324586977648202,48.17832847424684,-4.932458697764821,-2.7576745449606084,-11.030698179842434
NO,3,2,2,40,3731,2726,0.7306352184400965,0.4471753484959648,48.50256786500367,-3.78503301540719,-2.765478424015009,-11.061913696060037
YES,5,1,2,40,3734,2560,0.6855918585966791,0.4328125,47.325390625,-4.044140625,-2.7726298875200857,-11.090519550080343
YES,1,1,2,40,3681,2424,0.658516707416463,0.43853135313531355,48.06600660066007,-4.212871287128713,-2.7742461287693563,-11.096984515077425
YES,13,0,2,40,3629,1859,0.512262331220722,0.20010758472296933,25.44055944055944,-5.429800968262507,-2.781482502066685,-11.12593000826674
YES,13,0,3,40,3629,1859,0.512262331220722,0.20010758472296933,25.44055944055944,-5.429800968262507,-2.781482502066685,-11.12593000826674
NO,3,0,2,40,3731,2407,0.6451353524524256,0.42958039052762775,47.271292064810964,-4.313253012048193,-2.7826320021441973,-11.130528008576789
YES,7,1,3,40,3727,2642,0.7088811376442179,0.42089326267978805,46.019682059046175,-3.930355791067373,-2.7861550845183793,-11.144620338073517
YES,6,2,2,40,3728,2613,0.7009120171673819,0.43819364714887105,47.80099502487562,-3.981630309988519,-2.790772532188841,-11.163090128755364
NO,9,0,3,40,3729,2495,0.6690801823545186,0.3711422845691383,41.29498997995992,-4.180761523046092,-2.7972646822204346,-11.189058728881738
NO,11,0,2,40,3716,2203,0.5928417653390743,0.33408987743985474,38.12936904221516,-4.720381298229687,-2.798439181916039,-11.193756727664155
YES,13,1,2,40,3629,1938,0.5340314136125655,0.22394220846233232,27.640866873065015,-5.246646026831785,-2.801873794433728,-11.207495177734913
YES,13,1,3,40,3629,1938,0.5340314136125655,0.22394220846233232,27.640866873065015,-5.246646026831785,-2.801873794433728,-11.207495177734913
NO,7,0,1,40,3727,1938,0.5199892675073786,0.40350877192982454,45.744582043343655,-5.393704850361197,-2.804668634290314,-11.218674537161256
YES,5,2,2,40,3734,2657,0.711569362613819,0.4410989838163342,48.052691004892736,-3.942792623259315,-2.805570433851098,-11.222281735404392
YES,1,0,2,40,3681,2254,0.6123336049986416,0.42679680567879325,47.265749778172136,-4.586069210292813,-2.808204292311872,-11.232817169247488
YES,10,1,2,40,3724,2437,0.6544038668098818,0.39433729995896594,43.72958555601149,-4.295855560114895,-2.811224489795918,-11.244897959183673
YES,10,0,2,40,3724,2247,0.6033834586466166,0.37605696484201157,42.28927458834001,-4.683578104138852,-2.8259935553168636,-11.303974221267454
YES,7,2,3,40,3727,2755,0.7392004292997049,0.42903811252268603,46.73067150635209,-3.8268602540834844,-2.8288167426884896,-11.315266970753958
YES,6,0,2,40,3728,2319,0.6220493562231759,0.41828374299266924,46.37990513152221,-4.551530832255282,-2.831276824034335,-11.32510729613734
YES,8,0,3,40,3726,2446,0.6564680622651637,0.3937040065412919,43.69787408013082,-4.327473426001635,-2.840848094471283,-11.363392377885132
NO,7,1,1,40,3727,2199,0.5900187818620874,0.41609822646657574,46.435652569349706,-4.825829922692133,-2.847330292460424,-11.389321169841695
NO,2,2,1,40,3722,2468,0.6630843632455669,0.4497568881685575,49.276337115072934,-4.30064829821718,-2.85169263836647,-11.40677055346588
NO,0,0,3,40,54,19,0.35185185185185186,0.5263157894736842,60.73684210526316,-8.105263157894736,-2.8518518518518516,-11.407407407407407
NO,3,1,2,40,3731,2608,0.6990083087644063,0.43903374233128833,47.98351226993865,-4.080138036809816,-2.8520503886357544,-11.408201554543018
YES,5,0,2,40,3734,2378,0.6368505623995715,0.4213624894869638,46.62363330529857,-4.4873843566021865,-2.857793251205142,-11.431173004820568
NO,4,1,2,40,3731,2638,0.7070490485124632,0.43745261561789234,47.79605761940864,-4.050796057619409,-2.8641114982578397,-11.456445993031359
YES,1,2,2,40,3681,2551,0.6930182015756587,0.4457075656605253,48.70560564484516,-4.13484907879263,-2.8655256723716382,-11.462102689486553
YES,13,2,2,40,3629,1982,0.5461559658308074,0.23158425832492432,28.41321897073663,-5.254793138244198,-2.869936621658859,-11.479746486635436
YES,13,2,3,40,3629,1982,0.5461559658308074,0.23158425832492432,28.41321897073663,-5.254793138244198,-2.869936621658859,-11.479746486635436
NO,8,1,3,40,3726,2685,0.7206119162640902,0.4037243947858473,44.36536312849162,-3.9929236499068903,-2.877348362855609,-11.509393451422437
NO,1,2,1,40,3681,2192,0.595490355881554,0.4406934306569343,48.92974452554745,-4.860401459854015,-2.8943221950556914,-11.577288780222766
YES,10,2,2,40,3724,2531,0.6796455424274973,0.40023706045041485,44.302647175029634,-4.278941129988147,-2.9081632653061225,-11.63265306122449
NO,11,2,3,40,3716,2602,0.7002152852529602,0.3627978478093774,40.45311299000769,-4.173328209069946,-2.922228202368138,-11.688912809472551
NO,4,2,2,40,3731,2755,0.7384079335298848,0.44319419237749547,48.28493647912886,-3.9655172413793105,-2.9281693915840257,-11.712677566336103
NO,6,1,2,40,3728,2531,0.6789163090128756,0.42473330699328327,46.795732911892536,-4.322402212564204,-2.934549356223176,-11.738197424892704
NO,6,2,2,40,3728,2656,0.7124463519313304,0.4299698795180723,47.12688253012048,-4.129894578313253,-2.9423283261802573,-11.76931330472103
NO,11,1,3,40,3716,2526,0.6797631862217438,0.35233570863024544,39.593428345209816,-4.359857482185273,-2.963670613562971,-11.854682454251884
YES,9,0,3,40,3729,2469,0.6621078037007241,0.38517618469015796,42.99473471040907,-4.477116241393277,-2.964333601501743,-11.857334406006972
YES,12,1,2,40,3688,2182,0.591648590021692,0.29880843263061413,34.90559120073327,-5.024747937671861,-2.972885032537961,-11.891540130151844
NO,0,1,3,40,54,19,0.35185185185185186,0.5263157894736842,61.10526315789474,-8.473684210526315,-2.9814814814814814,-11.925925925925926
NO,6,0,2,40,3728,2347,0.6295600858369099,0.41031103536429486,45.772049424797615,-4.740945888368129,-2.9847103004291844,-11.938841201716738
NO,7,2,1,40,3727,2346,0.6294606922457741,0.42412617220801363,47.15473145780051,-4.742114236999147,-2.9849745103300243,-11.939898041320097
YES,12,2,2,40,3688,2261,0.6130694143167028,0.3126934984520124,36.1437417072092,-4.874391862007961,-2.9883405639913234,-11.953362255965294
NO,4,0,2,40,3731,2436,0.6529080675422139,0.42282430213464695,46.86904761904762,-4.586617405582923,-2.9946395068346288,-11.978558027338515
NO,5,1,2,40,3734,2611,0.6992501339046598,0.43086939869781693,47.40750670241287,-4.320566832631176,-3.0211569362613817,-12.084627745045527
YES,5,1,3,40,3734,2738,0.7332619175147295,0.4317019722425128,47.2991234477721,-4.128926223520818,-3.0275843599357257,-12.110337439742903
YES,12,0,2,40,3688,2041,0.553416485900217,0.2714355707986281,32.63498285154336,-5.491425771680548,-3.0390455531453364,-12.156182212581346
NO,8,2,3,40,3726,2774,0.7444981213097155,0.40951694304253783,45.06524873828407,-4.113554434030281,-3.0625335480407943,-12.250134192163177
YES,12,2,3,40,3688,2365,0.6412689804772235,0.3112050739957717,35.92389006342495,-4.80338266384778,-3.0802603036876355,-12.321041214750542
YES,5,2,3,40,3734,2825,0.7565613283342261,0.4389380530973451,47.977345132743366,-4.0835398230088495,-3.0894483128012853,-12.357793251205141
YES,11,0,2,40,3716,2170,0.5839612486544672,0.3327188940092166,38.57235023041475,-5.300460829493088,-3.095263724434876,-12.381054897739505
YES,12,1,3,40,3688,2291,0.6212039045553145,0.2968136185072021,34.67525098210388,-4.993889131383675,-3.102223427331887,-12.408893709327549
YES,11,2,2,40,3716,2438,0.6560818083961248,0.3642329778506973,41.15504511894996,-4.73174733388023,-3.1044133476856834,-12.417653390742734
YES,11,1,2,40,3716,2348,0.6318622174381054,0.3543441226575809,40.36243611584327,-4.928023850085179,-3.113832077502691,-12.455328310010763
NO,0,2,3,40,54,19,0.35185185185185186,0.5263157894736842,61.526315789473685,-8.894736842105264,-3.1296296296296298,-12.518518518518519
YES,10,1,3,40,3724,2616,0.7024704618689581,0.3872324159021407,43.1815749235474,-4.458333333333333,-3.1318474758324384,-12.527389903329754
YES,9,1,3,40,3729,2606,0.6988468758380263,0.3967766692248657,44.159247889485805,-4.481580966999233,-3.1319388576025746,-12.527755430410298
NO,2,0,2,40,3722,2479,0.6660397635679742,0.4344493747478822,48.14965711980637,-4.7047196450181525,-3.133530360021494,-12.534121440085976
YES,6,1,3,40,3728,2666,0.7151287553648069,0.4257314328582146,46.96661665416354,-4.393473368342086,-3.1418991416309012,-12.567596566523605
NO,5,2,2,40,3734,2720,0.7284413497589716,0.43676470588235294,47.99007352941177,-4.3136029411764705,-3.142206748794858,-12.568826995179432
YES,5,0,3,40,3734,2577,0.6901446170326727,0.4194800155219247,46.502522312766786,-4.554520760574311,-3.1432779860739153,-12.573111944295661
NO,11,0,3,40,3716,2372,0.6383207750269106,0.3263069139966273,37.575463743676224,-4.944772344013491,-3.1563509149623252,-12.625403659849301
YES,1,2,3,40,3681,2697,0.732681336593317,0.44271412680756395,48.582499073044126,-4.311086392287727,-3.158652540070633,-12.634610160282532
YES,10,2,3,40,3724,2681,0.7199248120300752,0.39537486012681833,43.947034688549046,-4.409548675867214,-3.1745435016111707,-12.698174006444683
NO,2,1,2,40,3722,2677,0.7192369693713058,0.4445274561075831,48.86664176316773,-4.413896152409413,-3.174637291778614,-12.698549167114455
YES,9,2,3,40,3729,2695,0.7227138643067846,0.40630797773654914,45.0252319109462,-4.39443413729128,-3.1759184768034325,-12.70367390721373
YES,1,1,3,40,3681,2593,0.704428144525944,0.43386039336675664,47.90667180871577,-4.520632472040108,-3.1844607443629447,-12.737842977451779
YES,12,0,3,40,3688,2168,0.5878524945770065,0.26752767527675275,32.170664206642066,-5.417896678966789,-3.184924078091106,-12.739696312364424
YES,10,0,3,40,3724,2455,0.6592373791621912,0.3674134419551935,41.57841140529531,-4.8370672097759675,-3.188775510204082,-12.755102040816327
YES,1,0,3,40,3681,2456,0.667209997283347,0.4226384364820847,47.07695439739414,-4.813110749185668,-3.211355609888617,-12.845422439554468
NO,7,0,2,40,3727,2326,0.6240944459350685,0.4002579535683577,45.200343938091144,-5.174548581255374,-3.229407029782667,-12.917628119130669
YES,6,0,3,40,3728,2509,0.6730150214592274,0.4117178158628936,45.97489039457951,-4.803108808290156,-3.2325643776824036,-12.930257510729614
YES,6,2,3,40,3728,2769,0.7427575107296137,0.4322860238353196,47.60491152040448,-4.376309136872517,-3.250536480686695,-13.00214592274678
NO,7,1,2,40,3727,2528,0.6782935336731956,0.41337025316455694,46.13449367088607,-4.7974683544303796,-3.254091762811913,-13.016367051247652
NO,2,1,3,40,3722,2845,0.7643739924771629,0.4453427065026362,48.81581722319859,-4.281546572934974,-3.2727028479312197,-13.090811391724879
NO,3,1,3,40,3731,2795,0.7491289198606271,0.4332737030411449,47.749552772808585,-4.422182468694096,-3.3127847761994103,-13.251139104797641
NO,6,2,3,40,3728,2818,0.755901287553648,0.4251242015613911,46.911284599006386,-4.398864442867282,-3.325107296137339,-13.300429184549357
NO,3,2,3,40,3731,2895,0.7759313856874832,0.44075993091537136,48.36442141623489,-4.288428324697755,-3.327526132404181,-13.310104529616725
NO,3,0,3,40,3731,2641,0.7078531224872688,0.4229458538432412,46.99810677773571,-4.703521393411586,-3.329402305012061,-13.317609220048244
NO,2,0,3,40,3722,2684,0.7211176786673831,0.4336810730253353,47.991058122205665,-4.622950819672131,-3.333691563675443,-13.334766254701773
NO,4,1,3,40,3731,2813,0.7539533637094613,0.43370067543547813,47.79772484891575,-4.4276573053679344,-3.3382471187349236,-13.352988474939695
NO,5,0,2,40,3734,2431,0.6510444563470809,0.416289592760181,46.79185520361991,-5.16289592760181,-3.361274772362078,-13.445099089448313
NO,6,1,3,40,3728,2712,0.7274678111587983,0.4185103244837758,46.47271386430678,-4.621681415929204,-3.3621244635193133,-13.448497854077253
NO,6,0,3,40,3728,2556,0.6856223175965666,0.40492957746478875,45.39827856025039,-4.905320813771518,-3.3631974248927037,-13.452789699570815
NO,7,2,2,40,3727,2646,0.709954386906359,0.42063492063492064,46.83673469387755,-4.773242630385488,-3.3887845452106253,-13.555138180842501
NO,7,1,3,40,3727,2704,0.7255165012074054,0.41420118343195267,46.095044378698226,-4.674926035502959,-3.3917359806815135,-13.566943922726054
NO,4,2,3,40,3731,2910,0.7799517555615116,0.43917525773195876,48.26735395189004,-4.349828178694158,-3.3926561243634414,-13.570624497453766
NO,4,0,3,40,3731,2646,0.7091932457786116,0.41950113378684806,46.778155706727134,-4.828042328042328,-3.424015009380863,-13.696060037523452
NO,2,2,2,40,3722,2771,0.7444922084900591,0.44785276073619634,49.40815590039697,-4.6228798267773366,-3.441698011821601,-13.766792047286405
NO,2,2,3,40,3722,2916,0.7834497581945191,0.4492455418381344,49.32441700960219,-4.399862825788752,-3.447071466953251,-13.788285867813004
NO,1,0,2,40,3681,2248,0.6107036131486009,0.41637010676156583,47.29626334519573,-5.659252669039146,-3.4561260527030697,-13.824504210812279
NO,7,2,3,40,3727,2808,0.7534209820230748,0.4234330484330484,46.943732193732195,-4.60042735042735,-3.4660584920847866,-13.864233968339146
NO,7,0,3,40,3727,2533,0.6796350952508721,0.39873667587840506,44.99131464666404,-5.117647058823529,-3.4781325462838746,-13.912530185135498
YES,11,2,3,40,3716,2572,0.6921420882669537,0.3561430793157076,40.70295489891135,-5.088646967340591,-3.5220667384284177,-14.08826695371367
NO,5,1,3,40,3734,2768,0.7412961971076594,0.4241329479768786,47.16582369942196,-4.752528901734104,-3.5230316014997323,-14.092126405998929
NO,1,1,2,40,3681,2397,0.6511817440912795,0.42511472674176054,47.9645390070922,-5.453066332916145,-3.5509372453137735,-14.203748981255094
NO,5,2,3,40,3734,2861,0.7662024638457419,0.4320167773505767,47.843760922754285,-4.64208318769661,-3.5567755757900374,-14.22710230316015
YES,11,1,3,40,3716,2492,0.6706135629709364,0.3451043338683788,39.85553772070626,-5.345104333868379,-3.5844994617868675,-14.33799784714747
YES,11,0,3,40,3716,2340,0.6297093649085038,0.32008547008547006,37.7017094017094,-5.693162393162393,-3.585037674919268,-14.340150699677071
NO,1,0,3,40,3681,2464,0.6693833197500679,0.4159902597402597,47.06818181818182,-5.4691558441558445,-3.6609616951915243,-14.643846780766097
NO,1,2,2,40,3681,2518,0.6840532464004346,0.4328832406671962,48.68864177918984,-5.400317712470215,-3.694104862809019,-14.776419451236077
NO,1,1,3,40,3681,2592,0.7041564792176039,0.4255401234567901,47.82600308641975,-5.2719907407407405,-3.7123064384678077,-14.849225753871231
NO,1,2,3,40,3681,2698,0.7329530019016571,0.43217197924388434,48.57709414381023,-5.359896219421794,-3.9285520239065472,-15.714208095626189
NO,5,0,3,40,3734,2616,0.7005891805034815,0.40711009174311924,46.319189602446485,-5.608180428134556,-3.929030530262453,-15.716122121049812
